,image,servo,motor
0,data/images/output_13/0000000_s0.15_m0.15.jpg,0.15,0.15
0,data/images/output_13/0000001_s0.15_m0.15.jpg,0.15,0.15
0,data/images/output_13/0000002_s0.15_m0.15.jpg,0.15,0.15
0,data/images/output_13/0000003_s0.15_m0.15.jpg,0.15,0.15
0,data/images/output_13/0000004_s0.15_m0.15.jpg,0.15,0.15
0,data/images/output_13/0000005_s0.15_m0.15.jpg,0.15,0.15
0,data/images/output_13/0000006_s0.15_m0.15.jpg,0.15,0.15
0,data/images/output_13/0000007_s0.15_m0.16.jpg,0.15,0.16
0,data/images/output_13/0000008_s0.15_m0.16.jpg,0.15,0.16
0,data/images/output_13/0000009_s0.15_m0.16.jpg,0.15,0.16
0,data/images/output_13/0000010_s0.16_m0.16.jpg,0.16,0.16
0,data/images/output_13/0000011_s0.16_m0.16.jpg,0.16,0.16
0,data/images/output_13/0000012_s0.16_m0.16.jpg,0.16,0.16
0,data/images/output_13/0000013_s0.16_m0.17.jpg,0.16,0.17
0,data/images/output_13/0000014_s0.16_m0.17.jpg,0.16,0.17
0,data/images/output_13/0000015_s0.16_m0.17.jpg,0.16,0.17
0,data/images/output_13/0000016_s0.16_m0.17.jpg,0.16,0.17
0,data/images/output_13/0000017_s0.16_m0.17.jpg,0.16,0.17
0,data/images/output_13/0000018_s0.16_m0.17.jpg,0.16,0.17
0,data/images/output_13/0000019_s0.16_m0.17.jpg,0.16,0.17
0,data/images/output_13/0000020_s0.17_m0.17.jpg,0.17,0.17
0,data/images/output_13/0000021_s0.18_m0.17.jpg,0.18,0.17
0,data/images/output_13/0000022_s0.17_m0.17.jpg,0.17,0.17
0,data/images/output_13/0000023_s0.17_m0.17.jpg,0.17,0.17
0,data/images/output_13/0000024_s0.17_m0.17.jpg,0.17,0.17
0,data/images/output_13/0000025_s0.16_m0.17.jpg,0.16,0.17
0,data/images/output_13/0000026_s0.16_m0.17.jpg,0.16,0.17
0,data/images/output_13/0000027_s0.16_m0.17.jpg,0.16,0.17
0,data/images/output_13/0000028_s0.16_m0.17.jpg,0.16,0.17
0,data/images/output_13/0000029_s0.17_m0.17.jpg,0.17,0.17
0,data/images/output_13/0000030_s0.17_m0.17.jpg,0.17,0.17
0,data/images/output_13/0000031_s0.18_m0.17.jpg,0.18,0.17
0,data/images/output_13/0000032_s0.18_m0.17.jpg,0.18,0.17
0,data/images/output_13/0000033_s0.18_m0.17.jpg,0.18,0.17
0,data/images/output_13/0000034_s0.15_m0.17.jpg,0.15,0.17
0,data/images/output_13/0000035_s0.15_m0.17.jpg,0.15,0.17
0,data/images/output_13/0000036_s0.17_m0.17.jpg,0.17,0.17
0,data/images/output_13/0000037_s0.17_m0.17.jpg,0.17,0.17
0,data/images/output_13/0000038_s0.17_m0.17.jpg,0.17,0.17
0,data/images/output_13/0000039_s0.17_m0.17.jpg,0.17,0.17
0,data/images/output_13/0000040_s0.17_m0.17.jpg,0.17,0.17
0,data/images/output_13/0000041_s0.16_m0.17.jpg,0.16,0.17
0,data/images/output_13/0000042_s0.16_m0.17.jpg,0.16,0.17
0,data/images/output_13/0000043_s0.15_m0.17.jpg,0.15,0.17
0,data/images/output_13/0000044_s0.15_m0.17.jpg,0.15,0.17
0,data/images/output_13/0000045_s0.16_m0.17.jpg,0.16,0.17
0,data/images/output_13/0000046_s0.17_m0.17.jpg,0.17,0.17
0,data/images/output_13/0000047_s0.18_m0.17.jpg,0.18,0.17
0,data/images/output_13/0000048_s0.18_m0.17.jpg,0.18,0.17
0,data/images/output_13/0000049_s0.19_m0.17.jpg,0.19,0.17
0,data/images/output_13/0000050_s0.19_m0.17.jpg,0.19,0.17
0,data/images/output_13/0000051_s0.18_m0.17.jpg,0.18,0.17
0,data/images/output_13/0000052_s0.17_m0.17.jpg,0.17,0.17
0,data/images/output_13/0000053_s0.15_m0.16.jpg,0.15,0.16
0,data/images/output_13/0000054_s0.15_m0.16.jpg,0.15,0.16
0,data/images/output_13/0000055_s0.15_m0.16.jpg,0.15,0.16
0,data/images/output_13/0000056_s0.17_m0.16.jpg,0.17,0.16
0,data/images/output_13/0000057_s0.18_m0.16.jpg,0.18,0.16
0,data/images/output_13/0000058_s0.18_m0.16.jpg,0.18,0.16
0,data/images/output_13/0000059_s0.19_m0.16.jpg,0.19,0.16
0,data/images/output_13/0000060_s0.19_m0.16.jpg,0.19,0.16
0,data/images/output_13/0000061_s0.2_m0.16.jpg,0.2,0.16
0,data/images/output_13/0000062_s0.2_m0.16.jpg,0.2,0.16
0,data/images/output_13/0000063_s0.18_m0.16.jpg,0.18,0.16
0,data/images/output_13/0000064_s0.15_m0.16.jpg,0.15,0.16
0,data/images/output_13/0000065_s0.15_m0.16.jpg,0.15,0.16
0,data/images/output_13/0000066_s0.15_m0.16.jpg,0.15,0.16
0,data/images/output_13/0000067_s0.15_m0.16.jpg,0.15,0.16
0,data/images/output_13/0000068_s0.15_m0.16.jpg,0.15,0.16
0,data/images/output_13/0000069_s0.15_m0.16.jpg,0.15,0.16
0,data/images/output_13/0000070_s0.15_m0.16.jpg,0.15,0.16
0,data/images/output_13/0000071_s0.15_m0.16.jpg,0.15,0.16
0,data/images/output_13/0000072_s0.16_m0.16.jpg,0.16,0.16
0,data/images/output_13/0000073_s0.16_m0.16.jpg,0.16,0.16
0,data/images/output_13/0000074_s0.16_m0.16.jpg,0.16,0.16
0,data/images/output_13/0000075_s0.16_m0.16.jpg,0.16,0.16
0,data/images/output_13/0000076_s0.16_m0.16.jpg,0.16,0.16
0,data/images/output_13/0000077_s0.16_m0.16.jpg,0.16,0.16
0,data/images/output_13/0000078_s0.16_m0.16.jpg,0.16,0.16
0,data/images/output_13/0000079_s0.17_m0.16.jpg,0.17,0.16
0,data/images/output_13/0000080_s0.17_m0.16.jpg,0.17,0.16
0,data/images/output_13/0000081_s0.17_m0.16.jpg,0.17,0.16
0,data/images/output_13/0000082_s0.17_m0.16.jpg,0.17,0.16
0,data/images/output_13/0000083_s0.17_m0.16.jpg,0.17,0.16
0,data/images/output_13/0000084_s0.17_m0.16.jpg,0.17,0.16
0,data/images/output_13/0000085_s0.17_m0.16.jpg,0.17,0.16
0,data/images/output_13/0000086_s0.17_m0.16.jpg,0.17,0.16
0,data/images/output_13/0000087_s0.15_m0.16.jpg,0.15,0.16
0,data/images/output_13/0000088_s0.15_m0.16.jpg,0.15,0.16
0,data/images/output_13/0000089_s0.16_m0.17.jpg,0.16,0.17
0,data/images/output_13/0000090_s0.16_m0.17.jpg,0.16,0.17
0,data/images/output_13/0000091_s0.17_m0.17.jpg,0.17,0.17
0,data/images/output_13/0000092_s0.17_m0.17.jpg,0.17,0.17
0,data/images/output_13/0000093_s0.17_m0.17.jpg,0.17,0.17
0,data/images/output_13/0000094_s0.17_m0.17.jpg,0.17,0.17
0,data/images/output_13/0000095_s0.18_m0.17.jpg,0.18,0.17
0,data/images/output_13/0000096_s0.18_m0.17.jpg,0.18,0.17
0,data/images/output_13/0000097_s0.18_m0.17.jpg,0.18,0.17
0,data/images/output_13/0000098_s0.18_m0.17.jpg,0.18,0.17
0,data/images/output_13/0000099_s0.18_m0.17.jpg,0.18,0.17
0,data/images/output_13/0000100_s0.18_m0.17.jpg,0.18,0.17
0,data/images/output_13/0000101_s0.17_m0.17.jpg,0.17,0.17
0,data/images/output_13/0000102_s0.17_m0.17.jpg,0.17,0.17
0,data/images/output_13/0000103_s0.15_m0.17.jpg,0.15,0.17
0,data/images/output_13/0000104_s0.17_m0.17.jpg,0.17,0.17
0,data/images/output_13/0000105_s0.16_m0.17.jpg,0.16,0.17
0,data/images/output_13/0000106_s0.15_m0.17.jpg,0.15,0.17
0,data/images/output_13/0000107_s0.15_m0.17.jpg,0.15,0.17
0,data/images/output_13/0000108_s0.16_m0.17.jpg,0.16,0.17
0,data/images/output_13/0000109_s0.17_m0.17.jpg,0.17,0.17
0,data/images/output_13/0000110_s0.17_m0.17.jpg,0.17,0.17
0,data/images/output_13/0000111_s0.17_m0.17.jpg,0.17,0.17
0,data/images/output_13/0000112_s0.17_m0.17.jpg,0.17,0.17
0,data/images/output_13/0000113_s0.17_m0.17.jpg,0.17,0.17
0,data/images/output_13/0000114_s0.17_m0.17.jpg,0.17,0.17
0,data/images/output_13/0000115_s0.18_m0.17.jpg,0.18,0.17
0,data/images/output_13/0000116_s0.18_m0.17.jpg,0.18,0.17
0,data/images/output_13/0000117_s0.18_m0.17.jpg,0.18,0.17
0,data/images/output_13/0000118_s0.17_m0.17.jpg,0.17,0.17
0,data/images/output_13/0000119_s0.15_m0.17.jpg,0.15,0.17
0,data/images/output_13/0000120_s0.15_m0.17.jpg,0.15,0.17
0,data/images/output_13/0000121_s0.16_m0.17.jpg,0.16,0.17
0,data/images/output_13/0000122_s0.16_m0.17.jpg,0.16,0.17
0,data/images/output_13/0000123_s0.17_m0.17.jpg,0.17,0.17
0,data/images/output_13/0000124_s0.17_m0.17.jpg,0.17,0.17
0,data/images/output_13/0000125_s0.17_m0.17.jpg,0.17,0.17
0,data/images/output_13/0000126_s0.17_m0.17.jpg,0.17,0.17
0,data/images/output_13/0000127_s0.17_m0.17.jpg,0.17,0.17
0,data/images/output_13/0000128_s0.17_m0.17.jpg,0.17,0.17
0,data/images/output_13/0000129_s0.17_m0.17.jpg,0.17,0.17
0,data/images/output_13/0000130_s0.18_m0.17.jpg,0.18,0.17
0,data/images/output_13/0000131_s0.18_m0.17.jpg,0.18,0.17
0,data/images/output_13/0000132_s0.18_m0.17.jpg,0.18,0.17
0,data/images/output_13/0000133_s0.18_m0.17.jpg,0.18,0.17
0,data/images/output_13/0000134_s0.18_m0.17.jpg,0.18,0.17
0,data/images/output_13/0000135_s0.15_m0.17.jpg,0.15,0.17
0,data/images/output_13/0000136_s0.15_m0.17.jpg,0.15,0.17
0,data/images/output_13/0000137_s0.16_m0.17.jpg,0.16,0.17
0,data/images/output_13/0000138_s0.17_m0.17.jpg,0.17,0.17
0,data/images/output_13/0000139_s0.17_m0.17.jpg,0.17,0.17
0,data/images/output_13/0000140_s0.17_m0.17.jpg,0.17,0.17
0,data/images/output_13/0000141_s0.17_m0.17.jpg,0.17,0.17
0,data/images/output_13/0000142_s0.16_m0.17.jpg,0.16,0.17
0,data/images/output_13/0000143_s0.15_m0.17.jpg,0.15,0.17
0,data/images/output_13/0000144_s0.16_m0.17.jpg,0.16,0.17
0,data/images/output_13/0000145_s0.17_m0.17.jpg,0.17,0.17
0,data/images/output_13/0000146_s0.17_m0.17.jpg,0.17,0.17
0,data/images/output_13/0000147_s0.18_m0.17.jpg,0.18,0.17
0,data/images/output_13/0000148_s0.18_m0.17.jpg,0.18,0.17
0,data/images/output_13/0000149_s0.18_m0.17.jpg,0.18,0.17
0,data/images/output_13/0000150_s0.16_m0.17.jpg,0.16,0.17
0,data/images/output_13/0000151_s0.15_m0.17.jpg,0.15,0.17
0,data/images/output_13/0000152_s0.15_m0.17.jpg,0.15,0.17
0,data/images/output_13/0000153_s0.16_m0.17.jpg,0.16,0.17
0,data/images/output_13/0000154_s0.16_m0.17.jpg,0.16,0.17
0,data/images/output_13/0000155_s0.17_m0.17.jpg,0.17,0.17
0,data/images/output_13/0000156_s0.17_m0.17.jpg,0.17,0.17
0,data/images/output_13/0000157_s0.18_m0.17.jpg,0.18,0.17
0,data/images/output_13/0000158_s0.18_m0.17.jpg,0.18,0.17
0,data/images/output_13/0000159_s0.19_m0.17.jpg,0.19,0.17
0,data/images/output_13/0000160_s0.19_m0.17.jpg,0.19,0.17
0,data/images/output_13/0000161_s0.19_m0.17.jpg,0.19,0.17
0,data/images/output_13/0000162_s0.18_m0.17.jpg,0.18,0.17
0,data/images/output_13/0000163_s0.15_m0.17.jpg,0.15,0.17
0,data/images/output_13/0000164_s0.15_m0.17.jpg,0.15,0.17
0,data/images/output_13/0000165_s0.16_m0.17.jpg,0.16,0.17
0,data/images/output_13/0000166_s0.18_m0.17.jpg,0.18,0.17
0,data/images/output_13/0000167_s0.18_m0.17.jpg,0.18,0.17
0,data/images/output_13/0000168_s0.18_m0.17.jpg,0.18,0.17
0,data/images/output_13/0000169_s0.15_m0.17.jpg,0.15,0.17
0,data/images/output_13/0000170_s0.15_m0.17.jpg,0.15,0.17
0,data/images/output_13/0000171_s0.16_m0.17.jpg,0.16,0.17
0,data/images/output_13/0000172_s0.16_m0.17.jpg,0.16,0.17
0,data/images/output_13/0000173_s0.16_m0.17.jpg,0.16,0.17
0,data/images/output_13/0000174_s0.16_m0.17.jpg,0.16,0.17
0,data/images/output_13/0000175_s0.17_m0.17.jpg,0.17,0.17
0,data/images/output_13/0000176_s0.17_m0.17.jpg,0.17,0.17
0,data/images/output_13/0000177_s0.18_m0.17.jpg,0.18,0.17
0,data/images/output_13/0000178_s0.19_m0.17.jpg,0.19,0.17
0,data/images/output_13/0000179_s0.19_m0.17.jpg,0.19,0.17
0,data/images/output_13/0000180_s0.19_m0.17.jpg,0.19,0.17
0,data/images/output_13/0000181_s0.19_m0.17.jpg,0.19,0.17
0,data/images/output_13/0000182_s0.15_m0.17.jpg,0.15,0.17
0,data/images/output_13/0000183_s0.15_m0.15.jpg,0.15,0.15
0,data/images/output_13/0000184_s0.15_m0.15.jpg,0.15,0.15
0,data/images/output_13/0000185_s0.17_m0.15.jpg,0.17,0.15
0,data/images/output_13/0000186_s0.19_m0.15.jpg,0.19,0.15
0,data/images/output_13/0000187_s0.2_m0.15.jpg,0.2,0.15
0,data/images/output_13/0000188_s0.2_m0.15.jpg,0.2,0.15
0,data/images/output_13/0000189_s0.2_m0.16.jpg,0.2,0.16
0,data/images/output_13/0000190_s0.2_m0.16.jpg,0.2,0.16
0,data/images/output_13/0000191_s0.2_m0.16.jpg,0.2,0.16
0,data/images/output_13/0000192_s0.2_m0.16.jpg,0.2,0.16
0,data/images/output_13/0000193_s0.2_m0.16.jpg,0.2,0.16
0,data/images/output_13/0000194_s0.2_m0.16.jpg,0.2,0.16
0,data/images/output_13/0000195_s0.2_m0.17.jpg,0.2,0.17
0,data/images/output_13/0000196_s0.2_m0.17.jpg,0.2,0.17
0,data/images/output_13/0000197_s0.2_m0.17.jpg,0.2,0.17
0,data/images/output_13/0000198_s0.2_m0.17.jpg,0.2,0.17
0,data/images/output_13/0000199_s0.2_m0.17.jpg,0.2,0.17
0,data/images/output_13/0000200_s0.2_m0.17.jpg,0.2,0.17
0,data/images/output_13/0000201_s0.2_m0.17.jpg,0.2,0.17
0,data/images/output_13/0000202_s0.2_m0.17.jpg,0.2,0.17
0,data/images/output_13/0000203_s0.15_m0.15.jpg,0.15,0.15
0,data/images/output_13/0000204_s0.15_m0.15.jpg,0.15,0.15
0,data/images/output_13/0000205_s0.17_m0.15.jpg,0.17,0.15
0,data/images/output_13/0000206_s0.19_m0.15.jpg,0.19,0.15
0,data/images/output_13/0000207_s0.19_m0.15.jpg,0.19,0.15
0,data/images/output_13/0000208_s0.19_m0.15.jpg,0.19,0.15
0,data/images/output_13/0000209_s0.19_m0.15.jpg,0.19,0.15
0,data/images/output_13/0000210_s0.18_m0.15.jpg,0.18,0.15
0,data/images/output_13/0000211_s0.15_m0.15.jpg,0.15,0.15
0,data/images/output_13/0000212_s0.15_m0.15.jpg,0.15,0.15
0,data/images/output_13/0000213_s0.15_m0.16.jpg,0.15,0.16
0,data/images/output_13/0000214_s0.15_m0.16.jpg,0.15,0.16
0,data/images/output_13/0000215_s0.15_m0.16.jpg,0.15,0.16
0,data/images/output_13/0000216_s0.15_m0.16.jpg,0.15,0.16
0,data/images/output_13/0000217_s0.15_m0.16.jpg,0.15,0.16
0,data/images/output_13/0000218_s0.15_m0.16.jpg,0.15,0.16
0,data/images/output_13/0000219_s0.15_m0.16.jpg,0.15,0.16
0,data/images/output_13/0000220_s0.15_m0.16.jpg,0.15,0.16
0,data/images/output_13/0000221_s0.15_m0.16.jpg,0.15,0.16
0,data/images/output_13/0000222_s0.15_m0.17.jpg,0.15,0.17
0,data/images/output_13/0000223_s0.15_m0.17.jpg,0.15,0.17
0,data/images/output_13/0000224_s0.15_m0.17.jpg,0.15,0.17
0,data/images/output_13/0000225_s0.15_m0.17.jpg,0.15,0.17
0,data/images/output_13/0000226_s0.16_m0.17.jpg,0.16,0.17
0,data/images/output_13/0000227_s0.16_m0.17.jpg,0.16,0.17
0,data/images/output_13/0000228_s0.17_m0.17.jpg,0.17,0.17
0,data/images/output_13/0000229_s0.17_m0.17.jpg,0.17,0.17
0,data/images/output_13/0000230_s0.17_m0.17.jpg,0.17,0.17
0,data/images/output_13/0000231_s0.17_m0.17.jpg,0.17,0.17
0,data/images/output_13/0000232_s0.16_m0.17.jpg,0.16,0.17
0,data/images/output_13/0000233_s0.15_m0.17.jpg,0.15,0.17
0,data/images/output_13/0000234_s0.15_m0.17.jpg,0.15,0.17
0,data/images/output_13/0000235_s0.15_m0.17.jpg,0.15,0.17
0,data/images/output_13/0000236_s0.18_m0.17.jpg,0.18,0.17
0,data/images/output_13/0000237_s0.18_m0.17.jpg,0.18,0.17
0,data/images/output_13/0000238_s0.18_m0.17.jpg,0.18,0.17
0,data/images/output_13/0000239_s0.18_m0.17.jpg,0.18,0.17
0,data/images/output_13/0000240_s0.15_m0.17.jpg,0.15,0.17
0,data/images/output_13/0000241_s0.15_m0.17.jpg,0.15,0.17
0,data/images/output_13/0000242_s0.15_m0.17.jpg,0.15,0.17
0,data/images/output_13/0000243_s0.16_m0.17.jpg,0.16,0.17
0,data/images/output_13/0000244_s0.17_m0.16.jpg,0.17,0.16
0,data/images/output_13/0000245_s0.18_m0.16.jpg,0.18,0.16
0,data/images/output_13/0000246_s0.19_m0.16.jpg,0.19,0.16
0,data/images/output_13/0000247_s0.18_m0.16.jpg,0.18,0.16
0,data/images/output_13/0000248_s0.17_m0.16.jpg,0.17,0.16
0,data/images/output_13/0000249_s0.17_m0.16.jpg,0.17,0.16
0,data/images/output_13/0000250_s0.17_m0.16.jpg,0.17,0.16
0,data/images/output_13/0000251_s0.18_m0.16.jpg,0.18,0.16
0,data/images/output_13/0000252_s0.17_m0.16.jpg,0.17,0.16
0,data/images/output_13/0000253_s0.15_m0.16.jpg,0.15,0.16
0,data/images/output_13/0000254_s0.15_m0.16.jpg,0.15,0.16
0,data/images/output_13/0000255_s0.16_m0.16.jpg,0.16,0.16
0,data/images/output_13/0000256_s0.17_m0.16.jpg,0.17,0.16
0,data/images/output_13/0000257_s0.16_m0.16.jpg,0.16,0.16
0,data/images/output_13/0000258_s0.16_m0.16.jpg,0.16,0.16
0,data/images/output_13/0000259_s0.17_m0.16.jpg,0.17,0.16
0,data/images/output_13/0000260_s0.17_m0.16.jpg,0.17,0.16
0,data/images/output_13/0000261_s0.18_m0.16.jpg,0.18,0.16
0,data/images/output_13/0000262_s0.16_m0.16.jpg,0.16,0.16
0,data/images/output_13/0000263_s0.15_m0.16.jpg,0.15,0.16
0,data/images/output_13/0000264_s0.15_m0.16.jpg,0.15,0.16
0,data/images/output_13/0000265_s0.16_m0.16.jpg,0.16,0.16
0,data/images/output_13/0000266_s0.16_m0.16.jpg,0.16,0.16
0,data/images/output_13/0000267_s0.18_m0.16.jpg,0.18,0.16
0,data/images/output_13/0000268_s0.18_m0.16.jpg,0.18,0.16
0,data/images/output_13/0000269_s0.17_m0.16.jpg,0.17,0.16
0,data/images/output_13/0000270_s0.16_m0.16.jpg,0.16,0.16
0,data/images/output_13/0000271_s0.16_m0.16.jpg,0.16,0.16
0,data/images/output_13/0000272_s0.17_m0.16.jpg,0.17,0.16
0,data/images/output_13/0000273_s0.16_m0.16.jpg,0.16,0.16
0,data/images/output_13/0000274_s0.15_m0.16.jpg,0.15,0.16
0,data/images/output_13/0000275_s0.15_m0.16.jpg,0.15,0.16
0,data/images/output_13/0000276_s0.16_m0.16.jpg,0.16,0.16
0,data/images/output_13/0000277_s0.17_m0.16.jpg,0.17,0.16
0,data/images/output_13/0000278_s0.17_m0.16.jpg,0.17,0.16
0,data/images/output_13/0000279_s0.17_m0.16.jpg,0.17,0.16
0,data/images/output_13/0000280_s0.17_m0.16.jpg,0.17,0.16
0,data/images/output_13/0000281_s0.17_m0.16.jpg,0.17,0.16
0,data/images/output_13/0000282_s0.17_m0.16.jpg,0.17,0.16
0,data/images/output_13/0000283_s0.17_m0.16.jpg,0.17,0.16
0,data/images/output_13/0000284_s0.17_m0.16.jpg,0.17,0.16
0,data/images/output_13/0000285_s0.15_m0.16.jpg,0.15,0.16
0,data/images/output_13/0000286_s0.15_m0.16.jpg,0.15,0.16
0,data/images/output_13/0000287_s0.16_m0.16.jpg,0.16,0.16
0,data/images/output_13/0000288_s0.16_m0.16.jpg,0.16,0.16
0,data/images/output_13/0000289_s0.17_m0.16.jpg,0.17,0.16
0,data/images/output_13/0000290_s0.17_m0.16.jpg,0.17,0.16
0,data/images/output_13/0000291_s0.17_m0.16.jpg,0.17,0.16
0,data/images/output_13/0000292_s0.17_m0.16.jpg,0.17,0.16
0,data/images/output_13/0000293_s0.17_m0.16.jpg,0.17,0.16
0,data/images/output_13/0000294_s0.16_m0.16.jpg,0.16,0.16
0,data/images/output_13/0000295_s0.15_m0.16.jpg,0.15,0.16
0,data/images/output_13/0000296_s0.17_m0.16.jpg,0.17,0.16
0,data/images/output_13/0000297_s0.17_m0.16.jpg,0.17,0.16
0,data/images/output_13/0000298_s0.17_m0.16.jpg,0.17,0.16
0,data/images/output_13/0000299_s0.17_m0.16.jpg,0.17,0.16
0,data/images/output_13/0000300_s0.18_m0.16.jpg,0.18,0.16
0,data/images/output_13/0000301_s0.18_m0.16.jpg,0.18,0.16
0,data/images/output_13/0000302_s0.18_m0.16.jpg,0.18,0.16
0,data/images/output_13/0000303_s0.18_m0.17.jpg,0.18,0.17
0,data/images/output_13/0000304_s0.17_m0.17.jpg,0.17,0.17
0,data/images/output_13/0000305_s0.17_m0.17.jpg,0.17,0.17
0,data/images/output_13/0000306_s0.17_m0.17.jpg,0.17,0.17
0,data/images/output_13/0000307_s0.17_m0.17.jpg,0.17,0.17
0,data/images/output_13/0000308_s0.17_m0.17.jpg,0.17,0.17
0,data/images/output_13/0000309_s0.17_m0.17.jpg,0.17,0.17
0,data/images/output_13/0000310_s0.17_m0.17.jpg,0.17,0.17
0,data/images/output_13/0000311_s0.18_m0.17.jpg,0.18,0.17
0,data/images/output_13/0000312_s0.18_m0.17.jpg,0.18,0.17
0,data/images/output_13/0000313_s0.15_m0.17.jpg,0.15,0.17
0,data/images/output_13/0000314_s0.15_m0.17.jpg,0.15,0.17
0,data/images/output_13/0000315_s0.17_m0.17.jpg,0.17,0.17
0,data/images/output_13/0000316_s0.17_m0.17.jpg,0.17,0.17
0,data/images/output_13/0000317_s0.18_m0.17.jpg,0.18,0.17
0,data/images/output_13/0000318_s0.18_m0.17.jpg,0.18,0.17
0,data/images/output_13/0000319_s0.15_m0.15.jpg,0.15,0.15
0,data/images/output_13/0000320_s0.15_m0.15.jpg,0.15,0.15
0,data/images/output_13/0000321_s0.16_m0.15.jpg,0.16,0.15
0,data/images/output_13/0000322_s0.16_m0.15.jpg,0.16,0.15
0,data/images/output_13/0000323_s0.17_m0.15.jpg,0.17,0.15
0,data/images/output_13/0000324_s0.17_m0.15.jpg,0.17,0.15
0,data/images/output_13/0000325_s0.17_m0.15.jpg,0.17,0.15
0,data/images/output_13/0000326_s0.17_m0.15.jpg,0.17,0.15
0,data/images/output_13/0000327_s0.17_m0.15.jpg,0.17,0.15
0,data/images/output_13/0000328_s0.17_m0.15.jpg,0.17,0.15
0,data/images/output_13/0000329_s0.17_m0.15.jpg,0.17,0.15
0,data/images/output_13/0000330_s0.17_m0.16.jpg,0.17,0.16
0,data/images/output_13/0000331_s0.17_m0.16.jpg,0.17,0.16
0,data/images/output_13/0000332_s0.17_m0.16.jpg,0.17,0.16
0,data/images/output_13/0000333_s0.17_m0.16.jpg,0.17,0.16
0,data/images/output_13/0000334_s0.17_m0.16.jpg,0.17,0.16
0,data/images/output_13/0000335_s0.17_m0.16.jpg,0.17,0.16
0,data/images/output_13/0000336_s0.17_m0.16.jpg,0.17,0.16
0,data/images/output_13/0000337_s0.18_m0.16.jpg,0.18,0.16
0,data/images/output_13/0000338_s0.18_m0.16.jpg,0.18,0.16
0,data/images/output_13/0000339_s0.18_m0.16.jpg,0.18,0.16
0,data/images/output_13/0000340_s0.18_m0.16.jpg,0.18,0.16
0,data/images/output_13/0000341_s0.18_m0.16.jpg,0.18,0.16
0,data/images/output_13/0000342_s0.18_m0.16.jpg,0.18,0.16
0,data/images/output_13/0000343_s0.18_m0.16.jpg,0.18,0.16
0,data/images/output_13/0000344_s0.18_m0.16.jpg,0.18,0.16
0,data/images/output_13/0000345_s0.18_m0.16.jpg,0.18,0.16
0,data/images/output_13/0000346_s0.18_m0.16.jpg,0.18,0.16
0,data/images/output_13/0000347_s0.19_m0.16.jpg,0.19,0.16
0,data/images/output_13/0000348_s0.19_m0.17.jpg,0.19,0.17
0,data/images/output_13/0000349_s0.19_m0.17.jpg,0.19,0.17
0,data/images/output_13/0000350_s0.19_m0.17.jpg,0.19,0.17
0,data/images/output_13/0000351_s0.18_m0.17.jpg,0.18,0.17
0,data/images/output_13/0000352_s0.15_m0.17.jpg,0.15,0.17
0,data/images/output_13/0000353_s0.15_m0.17.jpg,0.15,0.17
0,data/images/output_13/0000354_s0.17_m0.17.jpg,0.17,0.17
0,data/images/output_13/0000355_s0.18_m0.16.jpg,0.18,0.16
0,data/images/output_13/0000356_s0.17_m0.16.jpg,0.17,0.16
0,data/images/output_13/0000357_s0.16_m0.16.jpg,0.16,0.16
0,data/images/output_13/0000358_s0.15_m0.16.jpg,0.15,0.16
0,data/images/output_13/0000359_s0.15_m0.16.jpg,0.15,0.16
0,data/images/output_13/0000360_s0.16_m0.16.jpg,0.16,0.16
0,data/images/output_13/0000361_s0.17_m0.16.jpg,0.17,0.16
0,data/images/output_13/0000362_s0.17_m0.16.jpg,0.17,0.16
0,data/images/output_13/0000363_s0.17_m0.16.jpg,0.17,0.16
0,data/images/output_13/0000364_s0.17_m0.17.jpg,0.17,0.17
0,data/images/output_13/0000365_s0.17_m0.17.jpg,0.17,0.17
0,data/images/output_13/0000366_s0.18_m0.17.jpg,0.18,0.17
0,data/images/output_13/0000367_s0.19_m0.17.jpg,0.19,0.17
0,data/images/output_13/0000368_s0.19_m0.17.jpg,0.19,0.17
0,data/images/output_13/0000369_s0.19_m0.17.jpg,0.19,0.17
0,data/images/output_13/0000370_s0.2_m0.17.jpg,0.2,0.17
0,data/images/output_13/0000371_s0.2_m0.17.jpg,0.2,0.17
0,data/images/output_13/0000372_s0.2_m0.17.jpg,0.2,0.17
0,data/images/output_13/0000373_s0.17_m0.17.jpg,0.17,0.17
0,data/images/output_13/0000374_s0.16_m0.17.jpg,0.16,0.17
0,data/images/output_13/0000375_s0.16_m0.17.jpg,0.16,0.17
0,data/images/output_13/0000376_s0.16_m0.17.jpg,0.16,0.17
0,data/images/output_13/0000377_s0.16_m0.17.jpg,0.16,0.17
0,data/images/output_13/0000378_s0.17_m0.17.jpg,0.17,0.17
0,data/images/output_13/0000379_s0.18_m0.17.jpg,0.18,0.17
0,data/images/output_13/0000380_s0.19_m0.17.jpg,0.19,0.17
0,data/images/output_13/0000381_s0.18_m0.17.jpg,0.18,0.17
0,data/images/output_13/0000382_s0.15_m0.17.jpg,0.15,0.17
0,data/images/output_13/0000383_s0.15_m0.17.jpg,0.15,0.17
0,data/images/output_13/0000384_s0.15_m0.17.jpg,0.15,0.17
0,data/images/output_13/0000385_s0.16_m0.17.jpg,0.16,0.17
0,data/images/output_13/0000386_s0.17_m0.17.jpg,0.17,0.17
0,data/images/output_13/0000387_s0.17_m0.17.jpg,0.17,0.17
0,data/images/output_13/0000388_s0.15_m0.17.jpg,0.15,0.17
0,data/images/output_13/0000389_s0.15_m0.17.jpg,0.15,0.17
0,data/images/output_13/0000390_s0.16_m0.17.jpg,0.16,0.17
0,data/images/output_13/0000391_s0.16_m0.17.jpg,0.16,0.17
0,data/images/output_13/0000392_s0.17_m0.17.jpg,0.17,0.17
0,data/images/output_13/0000393_s0.17_m0.17.jpg,0.17,0.17
0,data/images/output_13/0000394_s0.17_m0.17.jpg,0.17,0.17
0,data/images/output_13/0000395_s0.17_m0.17.jpg,0.17,0.17
0,data/images/output_13/0000396_s0.17_m0.17.jpg,0.17,0.17
0,data/images/output_13/0000397_s0.16_m0.17.jpg,0.16,0.17
0,data/images/output_13/0000398_s0.17_m0.17.jpg,0.17,0.17
0,data/images/output_13/0000399_s0.18_m0.17.jpg,0.18,0.17
0,data/images/output_13/0000400_s0.18_m0.17.jpg,0.18,0.17
0,data/images/output_13/0000401_s0.18_m0.17.jpg,0.18,0.17
0,data/images/output_13/0000402_s0.18_m0.17.jpg,0.18,0.17
0,data/images/output_13/0000403_s0.18_m0.17.jpg,0.18,0.17
0,data/images/output_13/0000404_s0.16_m0.17.jpg,0.16,0.17
0,data/images/output_13/0000405_s0.15_m0.17.jpg,0.15,0.17
0,data/images/output_13/0000406_s0.15_m0.17.jpg,0.15,0.17
0,data/images/output_13/0000407_s0.16_m0.17.jpg,0.16,0.17
0,data/images/output_13/0000408_s0.17_m0.17.jpg,0.17,0.17
0,data/images/output_13/0000409_s0.18_m0.17.jpg,0.18,0.17
0,data/images/output_13/0000410_s0.18_m0.17.jpg,0.18,0.17
0,data/images/output_13/0000411_s0.18_m0.17.jpg,0.18,0.17
0,data/images/output_13/0000412_s0.18_m0.17.jpg,0.18,0.17
0,data/images/output_13/0000413_s0.18_m0.17.jpg,0.18,0.17
0,data/images/output_13/0000414_s0.18_m0.17.jpg,0.18,0.17
0,data/images/output_13/0000415_s0.16_m0.17.jpg,0.16,0.17
0,data/images/output_13/0000416_s0.15_m0.17.jpg,0.15,0.17
0,data/images/output_13/0000417_s0.15_m0.17.jpg,0.15,0.17
0,data/images/output_13/0000418_s0.16_m0.17.jpg,0.16,0.17
0,data/images/output_13/0000419_s0.17_m0.17.jpg,0.17,0.17
0,data/images/output_13/0000420_s0.17_m0.17.jpg,0.17,0.17
0,data/images/output_13/0000421_s0.17_m0.17.jpg,0.17,0.17
0,data/images/output_13/0000422_s0.17_m0.17.jpg,0.17,0.17
0,data/images/output_13/0000423_s0.17_m0.17.jpg,0.17,0.17
0,data/images/output_13/0000424_s0.17_m0.17.jpg,0.17,0.17
0,data/images/output_13/0000425_s0.18_m0.17.jpg,0.18,0.17
0,data/images/output_13/0000426_s0.18_m0.17.jpg,0.18,0.17
0,data/images/output_13/0000427_s0.18_m0.17.jpg,0.18,0.17
0,data/images/output_13/0000428_s0.18_m0.17.jpg,0.18,0.17
0,data/images/output_13/0000429_s0.18_m0.17.jpg,0.18,0.17
0,data/images/output_13/0000430_s0.18_m0.17.jpg,0.18,0.17
0,data/images/output_13/0000431_s0.17_m0.17.jpg,0.17,0.17
0,data/images/output_13/0000432_s0.17_m0.17.jpg,0.17,0.17
0,data/images/output_13/0000433_s0.17_m0.17.jpg,0.17,0.17
0,data/images/output_13/0000434_s0.17_m0.17.jpg,0.17,0.17
0,data/images/output_13/0000435_s0.16_m0.17.jpg,0.16,0.17
0,data/images/output_13/0000436_s0.15_m0.17.jpg,0.15,0.17
0,data/images/output_13/0000437_s0.15_m0.17.jpg,0.15,0.17
0,data/images/output_13/0000438_s0.17_m0.17.jpg,0.17,0.17
0,data/images/output_13/0000439_s0.17_m0.17.jpg,0.17,0.17
0,data/images/output_13/0000440_s0.17_m0.17.jpg,0.17,0.17
0,data/images/output_13/0000441_s0.17_m0.17.jpg,0.17,0.17
0,data/images/output_13/0000442_s0.16_m0.17.jpg,0.16,0.17
0,data/images/output_13/0000443_s0.15_m0.17.jpg,0.15,0.17
0,data/images/output_13/0000444_s0.15_m0.17.jpg,0.15,0.17
0,data/images/output_13/0000445_s0.16_m0.17.jpg,0.16,0.17
0,data/images/output_13/0000446_s0.16_m0.17.jpg,0.16,0.17
0,data/images/output_13/0000447_s0.16_m0.17.jpg,0.16,0.17
0,data/images/output_13/0000448_s0.17_m0.17.jpg,0.17,0.17
0,data/images/output_13/0000449_s0.17_m0.17.jpg,0.17,0.17
0,data/images/output_13/0000450_s0.17_m0.17.jpg,0.17,0.17
0,data/images/output_13/0000451_s0.17_m0.17.jpg,0.17,0.17
0,data/images/output_13/0000452_s0.17_m0.17.jpg,0.17,0.17
0,data/images/output_13/0000453_s0.17_m0.17.jpg,0.17,0.17
0,data/images/output_13/0000454_s0.18_m0.17.jpg,0.18,0.17
0,data/images/output_13/0000455_s0.18_m0.17.jpg,0.18,0.17
0,data/images/output_13/0000456_s0.18_m0.17.jpg,0.18,0.17
0,data/images/output_13/0000457_s0.17_m0.17.jpg,0.17,0.17
0,data/images/output_13/0000458_s0.16_m0.17.jpg,0.16,0.17
0,data/images/output_13/0000459_s0.15_m0.17.jpg,0.15,0.17
0,data/images/output_13/0000460_s0.15_m0.17.jpg,0.15,0.17
0,data/images/output_13/0000461_s0.15_m0.17.jpg,0.15,0.17
0,data/images/output_13/0000462_s0.15_m0.17.jpg,0.15,0.17
0,data/images/output_13/0000463_s0.16_m0.17.jpg,0.16,0.17
0,data/images/output_13/0000464_s0.17_m0.17.jpg,0.17,0.17
0,data/images/output_13/0000465_s0.17_m0.17.jpg,0.17,0.17
0,data/images/output_13/0000466_s0.17_m0.17.jpg,0.17,0.17
0,data/images/output_13/0000467_s0.17_m0.17.jpg,0.17,0.17
0,data/images/output_13/0000468_s0.17_m0.17.jpg,0.17,0.17
0,data/images/output_13/0000469_s0.17_m0.17.jpg,0.17,0.17
0,data/images/output_13/0000470_s0.18_m0.17.jpg,0.18,0.17
0,data/images/output_13/0000471_s0.17_m0.17.jpg,0.17,0.17
0,data/images/output_13/0000472_s0.15_m0.17.jpg,0.15,0.17
0,data/images/output_13/0000473_s0.15_m0.17.jpg,0.15,0.17
0,data/images/output_13/0000474_s0.16_m0.17.jpg,0.16,0.17
0,data/images/output_13/0000475_s0.17_m0.17.jpg,0.17,0.17
0,data/images/output_13/0000476_s0.17_m0.17.jpg,0.17,0.17
0,data/images/output_13/0000477_s0.17_m0.17.jpg,0.17,0.17
0,data/images/output_13/0000478_s0.17_m0.16.jpg,0.17,0.16
0,data/images/output_13/0000479_s0.17_m0.16.jpg,0.17,0.16
0,data/images/output_13/0000480_s0.15_m0.16.jpg,0.15,0.16
0,data/images/output_13/0000481_s0.15_m0.16.jpg,0.15,0.16
0,data/images/output_13/0000482_s0.15_m0.16.jpg,0.15,0.16
0,data/images/output_13/0000483_s0.16_m0.16.jpg,0.16,0.16
0,data/images/output_13/0000484_s0.17_m0.16.jpg,0.17,0.16
0,data/images/output_13/0000485_s0.17_m0.16.jpg,0.17,0.16
0,data/images/output_13/0000486_s0.17_m0.16.jpg,0.17,0.16
0,data/images/output_13/0000487_s0.18_m0.16.jpg,0.18,0.16
0,data/images/output_13/0000488_s0.18_m0.16.jpg,0.18,0.16
0,data/images/output_13/0000489_s0.18_m0.16.jpg,0.18,0.16
0,data/images/output_13/0000490_s0.18_m0.16.jpg,0.18,0.16
0,data/images/output_13/0000491_s0.19_m0.16.jpg,0.19,0.16
0,data/images/output_13/0000492_s0.17_m0.16.jpg,0.17,0.16
0,data/images/output_13/0000493_s0.17_m0.16.jpg,0.17,0.16
0,data/images/output_13/0000494_s0.18_m0.16.jpg,0.18,0.16
0,data/images/output_13/0000495_s0.18_m0.16.jpg,0.18,0.16
0,data/images/output_13/0000496_s0.18_m0.16.jpg,0.18,0.16
0,data/images/output_13/0000497_s0.18_m0.16.jpg,0.18,0.16
0,data/images/output_13/0000498_s0.18_m0.16.jpg,0.18,0.16
0,data/images/output_13/0000499_s0.18_m0.16.jpg,0.18,0.16
0,data/images/output_13/0000500_s0.18_m0.16.jpg,0.18,0.16
0,data/images/output_13/0000501_s0.16_m0.16.jpg,0.16,0.16
0,data/images/output_13/0000502_s0.15_m0.16.jpg,0.15,0.16
0,data/images/output_13/0000503_s0.15_m0.16.jpg,0.15,0.16
0,data/images/output_13/0000504_s0.16_m0.16.jpg,0.16,0.16
0,data/images/output_13/0000505_s0.18_m0.16.jpg,0.18,0.16
0,data/images/output_13/0000506_s0.18_m0.16.jpg,0.18,0.16
0,data/images/output_13/0000507_s0.17_m0.16.jpg,0.17,0.16
0,data/images/output_13/0000508_s0.15_m0.16.jpg,0.15,0.16
0,data/images/output_13/0000509_s0.15_m0.16.jpg,0.15,0.16
0,data/images/output_13/0000510_s0.16_m0.16.jpg,0.16,0.16
0,data/images/output_13/0000511_s0.16_m0.16.jpg,0.16,0.16
0,data/images/output_13/0000512_s0.16_m0.16.jpg,0.16,0.16
0,data/images/output_13/0000513_s0.16_m0.16.jpg,0.16,0.16
0,data/images/output_13/0000514_s0.16_m0.16.jpg,0.16,0.16
0,data/images/output_13/0000515_s0.17_m0.16.jpg,0.17,0.16
0,data/images/output_13/0000516_s0.17_m0.16.jpg,0.17,0.16
0,data/images/output_13/0000517_s0.17_m0.16.jpg,0.17,0.16
0,data/images/output_13/0000518_s0.17_m0.16.jpg,0.17,0.16
0,data/images/output_13/0000519_s0.17_m0.16.jpg,0.17,0.16
0,data/images/output_13/0000520_s0.17_m0.16.jpg,0.17,0.16
0,data/images/output_13/0000521_s0.16_m0.16.jpg,0.16,0.16
0,data/images/output_13/0000522_s0.16_m0.16.jpg,0.16,0.16
0,data/images/output_13/0000523_s0.16_m0.16.jpg,0.16,0.16
0,data/images/output_13/0000524_s0.16_m0.16.jpg,0.16,0.16
0,data/images/output_13/0000525_s0.17_m0.16.jpg,0.17,0.16
0,data/images/output_13/0000526_s0.17_m0.16.jpg,0.17,0.16
0,data/images/output_13/0000527_s0.17_m0.16.jpg,0.17,0.16
0,data/images/output_13/0000528_s0.17_m0.16.jpg,0.17,0.16
0,data/images/output_13/0000529_s0.17_m0.16.jpg,0.17,0.16
0,data/images/output_13/0000530_s0.17_m0.16.jpg,0.17,0.16
0,data/images/output_13/0000531_s0.17_m0.16.jpg,0.17,0.16
0,data/images/output_13/0000532_s0.17_m0.16.jpg,0.17,0.16
0,data/images/output_13/0000533_s0.17_m0.16.jpg,0.17,0.16
0,data/images/output_13/0000534_s0.17_m0.16.jpg,0.17,0.16
0,data/images/output_13/0000535_s0.17_m0.16.jpg,0.17,0.16
0,data/images/output_13/0000536_s0.15_m0.16.jpg,0.15,0.16
0,data/images/output_13/0000537_s0.15_m0.16.jpg,0.15,0.16
0,data/images/output_13/0000538_s0.16_m0.16.jpg,0.16,0.16
0,data/images/output_13/0000539_s0.17_m0.16.jpg,0.17,0.16
0,data/images/output_13/0000540_s0.17_m0.16.jpg,0.17,0.16
0,data/images/output_13/0000541_s0.18_m0.16.jpg,0.18,0.16
0,data/images/output_13/0000542_s0.18_m0.16.jpg,0.18,0.16
0,data/images/output_13/0000543_s0.18_m0.16.jpg,0.18,0.16
0,data/images/output_13/0000544_s0.19_m0.16.jpg,0.19,0.16
0,data/images/output_13/0000545_s0.19_m0.16.jpg,0.19,0.16
0,data/images/output_13/0000546_s0.19_m0.17.jpg,0.19,0.17
0,data/images/output_13/0000547_s0.19_m0.17.jpg,0.19,0.17
0,data/images/output_13/0000548_s0.19_m0.17.jpg,0.19,0.17
0,data/images/output_13/0000549_s0.16_m0.17.jpg,0.16,0.17
0,data/images/output_13/0000550_s0.15_m0.17.jpg,0.15,0.17
0,data/images/output_13/0000551_s0.15_m0.17.jpg,0.15,0.17
0,data/images/output_13/0000552_s0.16_m0.17.jpg,0.16,0.17
0,data/images/output_13/0000553_s0.17_m0.17.jpg,0.17,0.17
0,data/images/output_13/0000554_s0.18_m0.17.jpg,0.18,0.17
0,data/images/output_13/0000555_s0.18_m0.17.jpg,0.18,0.17
0,data/images/output_13/0000556_s0.18_m0.17.jpg,0.18,0.17
0,data/images/output_13/0000557_s0.18_m0.17.jpg,0.18,0.17
0,data/images/output_13/0000558_s0.15_m0.17.jpg,0.15,0.17
0,data/images/output_13/0000559_s0.15_m0.17.jpg,0.15,0.17
0,data/images/output_13/0000560_s0.16_m0.17.jpg,0.16,0.17
0,data/images/output_13/0000561_s0.17_m0.17.jpg,0.17,0.17
0,data/images/output_13/0000562_s0.17_m0.17.jpg,0.17,0.17
0,data/images/output_13/0000563_s0.18_m0.17.jpg,0.18,0.17
0,data/images/output_13/0000564_s0.18_m0.17.jpg,0.18,0.17
0,data/images/output_13/0000565_s0.17_m0.17.jpg,0.17,0.17
0,data/images/output_13/0000566_s0.18_m0.17.jpg,0.18,0.17
0,data/images/output_13/0000567_s0.15_m0.17.jpg,0.15,0.17
0,data/images/output_13/0000568_s0.16_m0.17.jpg,0.16,0.17
0,data/images/output_13/0000569_s0.17_m0.17.jpg,0.17,0.17
0,data/images/output_13/0000570_s0.18_m0.17.jpg,0.18,0.17
0,data/images/output_13/0000571_s0.17_m0.17.jpg,0.17,0.17
0,data/images/output_13/0000572_s0.15_m0.17.jpg,0.15,0.17
0,data/images/output_13/0000573_s0.15_m0.17.jpg,0.15,0.17
0,data/images/output_13/0000574_s0.17_m0.17.jpg,0.17,0.17
0,data/images/output_13/0000575_s0.17_m0.17.jpg,0.17,0.17
0,data/images/output_13/0000576_s0.18_m0.17.jpg,0.18,0.17
0,data/images/output_13/0000577_s0.18_m0.17.jpg,0.18,0.17
0,data/images/output_13/0000578_s0.18_m0.17.jpg,0.18,0.17
0,data/images/output_13/0000579_s0.18_m0.17.jpg,0.18,0.17
0,data/images/output_13/0000580_s0.17_m0.17.jpg,0.17,0.17
0,data/images/output_13/0000581_s0.16_m0.17.jpg,0.16,0.17
0,data/images/output_13/0000582_s0.15_m0.17.jpg,0.15,0.17
0,data/images/output_13/0000583_s0.15_m0.17.jpg,0.15,0.17
0,data/images/output_13/0000584_s0.17_m0.17.jpg,0.17,0.17
0,data/images/output_13/0000585_s0.18_m0.17.jpg,0.18,0.17
0,data/images/output_13/0000586_s0.19_m0.17.jpg,0.19,0.17
0,data/images/output_13/0000587_s0.19_m0.17.jpg,0.19,0.17
0,data/images/output_13/0000588_s0.19_m0.17.jpg,0.19,0.17
0,data/images/output_13/0000589_s0.19_m0.17.jpg,0.19,0.17
0,data/images/output_13/0000590_s0.18_m0.17.jpg,0.18,0.17
0,data/images/output_13/0000591_s0.17_m0.17.jpg,0.17,0.17
0,data/images/output_13/0000592_s0.15_m0.17.jpg,0.15,0.17
0,data/images/output_13/0000593_s0.15_m0.17.jpg,0.15,0.17
0,data/images/output_13/0000594_s0.16_m0.17.jpg,0.16,0.17
0,data/images/output_13/0000595_s0.17_m0.17.jpg,0.17,0.17
0,data/images/output_13/0000596_s0.18_m0.17.jpg,0.18,0.17
0,data/images/output_13/0000597_s0.18_m0.17.jpg,0.18,0.17
0,data/images/output_13/0000598_s0.18_m0.17.jpg,0.18,0.17
0,data/images/output_13/0000599_s0.18_m0.17.jpg,0.18,0.17
0,data/images/output_13/0000600_s0.15_m0.17.jpg,0.15,0.17
0,data/images/output_13/0000601_s0.15_m0.17.jpg,0.15,0.17
0,data/images/output_13/0000602_s0.15_m0.17.jpg,0.15,0.17
0,data/images/output_13/0000603_s0.16_m0.17.jpg,0.16,0.17
0,data/images/output_13/0000604_s0.17_m0.17.jpg,0.17,0.17
0,data/images/output_13/0000605_s0.17_m0.17.jpg,0.17,0.17
0,data/images/output_13/0000606_s0.17_m0.17.jpg,0.17,0.17
0,data/images/output_13/0000607_s0.17_m0.17.jpg,0.17,0.17
0,data/images/output_13/0000608_s0.17_m0.17.jpg,0.17,0.17
0,data/images/output_13/0000609_s0.18_m0.17.jpg,0.18,0.17
0,data/images/output_13/0000610_s0.18_m0.17.jpg,0.18,0.17
0,data/images/output_13/0000611_s0.19_m0.17.jpg,0.19,0.17
0,data/images/output_13/0000612_s0.19_m0.17.jpg,0.19,0.17
0,data/images/output_13/0000613_s0.17_m0.17.jpg,0.17,0.17
0,data/images/output_13/0000614_s0.16_m0.17.jpg,0.16,0.17
0,data/images/output_13/0000615_s0.16_m0.17.jpg,0.16,0.17
0,data/images/output_13/0000616_s0.15_m0.17.jpg,0.15,0.17
0,data/images/output_13/0000617_s0.15_m0.16.jpg,0.15,0.16
0,data/images/output_13/0000618_s0.15_m0.16.jpg,0.15,0.16
0,data/images/output_13/0000619_s0.16_m0.16.jpg,0.16,0.16
0,data/images/output_13/0000620_s0.17_m0.16.jpg,0.17,0.16
0,data/images/output_13/0000621_s0.17_m0.16.jpg,0.17,0.16
0,data/images/output_13/0000622_s0.17_m0.16.jpg,0.17,0.16
0,data/images/output_13/0000623_s0.18_m0.16.jpg,0.18,0.16
0,data/images/output_13/0000624_s0.18_m0.16.jpg,0.18,0.16
0,data/images/output_13/0000625_s0.18_m0.16.jpg,0.18,0.16
0,data/images/output_13/0000626_s0.18_m0.16.jpg,0.18,0.16
0,data/images/output_13/0000627_s0.17_m0.16.jpg,0.17,0.16
0,data/images/output_13/0000628_s0.15_m0.16.jpg,0.15,0.16
0,data/images/output_13/0000629_s0.15_m0.16.jpg,0.15,0.16
0,data/images/output_13/0000630_s0.16_m0.16.jpg,0.16,0.16
0,data/images/output_13/0000631_s0.16_m0.16.jpg,0.16,0.16
0,data/images/output_13/0000632_s0.17_m0.16.jpg,0.17,0.16
0,data/images/output_13/0000633_s0.16_m0.16.jpg,0.16,0.16
0,data/images/output_13/0000634_s0.15_m0.16.jpg,0.15,0.16
0,data/images/output_13/0000635_s0.15_m0.16.jpg,0.15,0.16
0,data/images/output_13/0000636_s0.16_m0.16.jpg,0.16,0.16
0,data/images/output_13/0000637_s0.16_m0.16.jpg,0.16,0.16
0,data/images/output_13/0000638_s0.16_m0.16.jpg,0.16,0.16
0,data/images/output_13/0000639_s0.16_m0.16.jpg,0.16,0.16
0,data/images/output_13/0000640_s0.17_m0.16.jpg,0.17,0.16
0,data/images/output_13/0000641_s0.17_m0.16.jpg,0.17,0.16
0,data/images/output_13/0000642_s0.17_m0.16.jpg,0.17,0.16
0,data/images/output_13/0000643_s0.17_m0.16.jpg,0.17,0.16
0,data/images/output_13/0000644_s0.15_m0.16.jpg,0.15,0.16
0,data/images/output_13/0000645_s0.15_m0.16.jpg,0.15,0.16
0,data/images/output_13/0000646_s0.16_m0.16.jpg,0.16,0.16
0,data/images/output_13/0000647_s0.17_m0.16.jpg,0.17,0.16
0,data/images/output_13/0000648_s0.16_m0.16.jpg,0.16,0.16
0,data/images/output_13/0000649_s0.16_m0.16.jpg,0.16,0.16
0,data/images/output_13/0000650_s0.17_m0.16.jpg,0.17,0.16
0,data/images/output_13/0000651_s0.17_m0.16.jpg,0.17,0.16
0,data/images/output_13/0000652_s0.18_m0.16.jpg,0.18,0.16
0,data/images/output_13/0000653_s0.18_m0.17.jpg,0.18,0.17
0,data/images/output_13/0000654_s0.17_m0.17.jpg,0.17,0.17
0,data/images/output_13/0000655_s0.16_m0.17.jpg,0.16,0.17
0,data/images/output_13/0000656_s0.15_m0.17.jpg,0.15,0.17
0,data/images/output_13/0000657_s0.15_m0.17.jpg,0.15,0.17
0,data/images/output_13/0000658_s0.18_m0.17.jpg,0.18,0.17
0,data/images/output_13/0000659_s0.18_m0.17.jpg,0.18,0.17
0,data/images/output_13/0000660_s0.17_m0.17.jpg,0.17,0.17
0,data/images/output_13/0000661_s0.17_m0.17.jpg,0.17,0.17
0,data/images/output_13/0000662_s0.18_m0.17.jpg,0.18,0.17
0,data/images/output_13/0000663_s0.18_m0.17.jpg,0.18,0.17
0,data/images/output_13/0000664_s0.18_m0.17.jpg,0.18,0.17
0,data/images/output_13/0000665_s0.18_m0.17.jpg,0.18,0.17
0,data/images/output_13/0000666_s0.18_m0.17.jpg,0.18,0.17
0,data/images/output_13/0000667_s0.17_m0.17.jpg,0.17,0.17
0,data/images/output_13/0000668_s0.15_m0.17.jpg,0.15,0.17
0,data/images/output_13/0000669_s0.15_m0.17.jpg,0.15,0.17
0,data/images/output_13/0000670_s0.16_m0.17.jpg,0.16,0.17
0,data/images/output_13/0000671_s0.16_m0.17.jpg,0.16,0.17
0,data/images/output_13/0000672_s0.16_m0.17.jpg,0.16,0.17
0,data/images/output_13/0000673_s0.16_m0.17.jpg,0.16,0.17
0,data/images/output_13/0000674_s0.16_m0.17.jpg,0.16,0.17
0,data/images/output_13/0000675_s0.17_m0.17.jpg,0.17,0.17
0,data/images/output_13/0000676_s0.17_m0.17.jpg,0.17,0.17
0,data/images/output_13/0000677_s0.15_m0.17.jpg,0.15,0.17
0,data/images/output_13/0000678_s0.15_m0.17.jpg,0.15,0.17
0,data/images/output_13/0000679_s0.15_m0.17.jpg,0.15,0.17
0,data/images/output_13/0000680_s0.16_m0.17.jpg,0.16,0.17
0,data/images/output_13/0000681_s0.17_m0.17.jpg,0.17,0.17
0,data/images/output_13/0000682_s0.17_m0.17.jpg,0.17,0.17
0,data/images/output_13/0000683_s0.17_m0.17.jpg,0.17,0.17
0,data/images/output_13/0000684_s0.17_m0.17.jpg,0.17,0.17
0,data/images/output_13/0000685_s0.17_m0.17.jpg,0.17,0.17
0,data/images/output_13/0000686_s0.18_m0.17.jpg,0.18,0.17
0,data/images/output_13/0000687_s0.18_m0.17.jpg,0.18,0.17
0,data/images/output_13/0000688_s0.17_m0.17.jpg,0.17,0.17
0,data/images/output_13/0000689_s0.17_m0.17.jpg,0.17,0.17
0,data/images/output_13/0000690_s0.17_m0.17.jpg,0.17,0.17
0,data/images/output_13/0000691_s0.17_m0.17.jpg,0.17,0.17
0,data/images/output_13/0000692_s0.17_m0.17.jpg,0.17,0.17
0,data/images/output_13/0000693_s0.18_m0.17.jpg,0.18,0.17
0,data/images/output_13/0000694_s0.18_m0.17.jpg,0.18,0.17
0,data/images/output_13/0000695_s0.18_m0.17.jpg,0.18,0.17
0,data/images/output_13/0000696_s0.18_m0.17.jpg,0.18,0.17
0,data/images/output_13/0000697_s0.15_m0.17.jpg,0.15,0.17
0,data/images/output_13/0000698_s0.15_m0.17.jpg,0.15,0.17
0,data/images/output_13/0000699_s0.15_m0.17.jpg,0.15,0.17
0,data/images/output_13/0000700_s0.16_m0.17.jpg,0.16,0.17
0,data/images/output_13/0000701_s0.16_m0.17.jpg,0.16,0.17
0,data/images/output_13/0000702_s0.17_m0.17.jpg,0.17,0.17
0,data/images/output_13/0000703_s0.18_m0.17.jpg,0.18,0.17
0,data/images/output_13/0000704_s0.18_m0.17.jpg,0.18,0.17
0,data/images/output_13/0000705_s0.16_m0.17.jpg,0.16,0.17
0,data/images/output_13/0000706_s0.15_m0.17.jpg,0.15,0.17
0,data/images/output_13/0000707_s0.18_m0.17.jpg,0.18,0.17
0,data/images/output_13/0000708_s0.18_m0.17.jpg,0.18,0.17
0,data/images/output_13/0000709_s0.17_m0.17.jpg,0.17,0.17
0,data/images/output_13/0000710_s0.17_m0.17.jpg,0.17,0.17
0,data/images/output_13/0000711_s0.15_m0.17.jpg,0.15,0.17
0,data/images/output_13/0000712_s0.15_m0.17.jpg,0.15,0.17
0,data/images/output_13/0000713_s0.15_m0.17.jpg,0.15,0.17
0,data/images/output_13/0000714_s0.16_m0.17.jpg,0.16,0.17
0,data/images/output_13/0000715_s0.16_m0.17.jpg,0.16,0.17
0,data/images/output_13/0000716_s0.16_m0.17.jpg,0.16,0.17
0,data/images/output_13/0000717_s0.17_m0.17.jpg,0.17,0.17
0,data/images/output_13/0000718_s0.17_m0.17.jpg,0.17,0.17
0,data/images/output_13/0000719_s0.18_m0.17.jpg,0.18,0.17
0,data/images/output_13/0000720_s0.18_m0.17.jpg,0.18,0.17
0,data/images/output_13/0000721_s0.18_m0.17.jpg,0.18,0.17
0,data/images/output_13/0000722_s0.16_m0.17.jpg,0.16,0.17
0,data/images/output_13/0000723_s0.17_m0.17.jpg,0.17,0.17
0,data/images/output_13/0000724_s0.17_m0.17.jpg,0.17,0.17
0,data/images/output_13/0000725_s0.17_m0.17.jpg,0.17,0.17
0,data/images/output_13/0000726_s0.17_m0.17.jpg,0.17,0.17
0,data/images/output_13/0000727_s0.17_m0.17.jpg,0.17,0.17
0,data/images/output_13/0000728_s0.15_m0.17.jpg,0.15,0.17
0,data/images/output_13/0000729_s0.15_m0.17.jpg,0.15,0.17
0,data/images/output_13/0000730_s0.16_m0.17.jpg,0.16,0.17
0,data/images/output_13/0000731_s0.17_m0.17.jpg,0.17,0.17
0,data/images/output_13/0000732_s0.17_m0.17.jpg,0.17,0.17
0,data/images/output_13/0000733_s0.17_m0.17.jpg,0.17,0.17
0,data/images/output_13/0000734_s0.17_m0.17.jpg,0.17,0.17
0,data/images/output_13/0000735_s0.18_m0.17.jpg,0.18,0.17
0,data/images/output_13/0000736_s0.17_m0.17.jpg,0.17,0.17
0,data/images/output_13/0000737_s0.17_m0.17.jpg,0.17,0.17
0,data/images/output_13/0000738_s0.17_m0.17.jpg,0.17,0.17
0,data/images/output_13/0000739_s0.16_m0.17.jpg,0.16,0.17
0,data/images/output_13/0000740_s0.16_m0.17.jpg,0.16,0.17
0,data/images/output_13/0000741_s0.16_m0.17.jpg,0.16,0.17
0,data/images/output_13/0000742_s0.16_m0.17.jpg,0.16,0.17
0,data/images/output_13/0000743_s0.17_m0.17.jpg,0.17,0.17
0,data/images/output_13/0000744_s0.17_m0.17.jpg,0.17,0.17
0,data/images/output_13/0000745_s0.17_m0.17.jpg,0.17,0.17
0,data/images/output_13/0000746_s0.17_m0.17.jpg,0.17,0.17
0,data/images/output_13/0000747_s0.18_m0.17.jpg,0.18,0.17
0,data/images/output_13/0000748_s0.18_m0.17.jpg,0.18,0.17
0,data/images/output_13/0000749_s0.18_m0.17.jpg,0.18,0.17
0,data/images/output_13/0000750_s0.18_m0.17.jpg,0.18,0.17
0,data/images/output_13/0000751_s0.18_m0.17.jpg,0.18,0.17
0,data/images/output_13/0000752_s0.18_m0.17.jpg,0.18,0.17
0,data/images/output_13/0000753_s0.15_m0.17.jpg,0.15,0.17
0,data/images/output_13/0000754_s0.15_m0.17.jpg,0.15,0.17
0,data/images/output_13/0000755_s0.16_m0.17.jpg,0.16,0.17
0,data/images/output_13/0000756_s0.16_m0.17.jpg,0.16,0.17
0,data/images/output_13/0000757_s0.17_m0.17.jpg,0.17,0.17
0,data/images/output_13/0000758_s0.16_m0.17.jpg,0.16,0.17
0,data/images/output_13/0000759_s0.16_m0.17.jpg,0.16,0.17
0,data/images/output_13/0000760_s0.16_m0.17.jpg,0.16,0.17
0,data/images/output_13/0000761_s0.16_m0.17.jpg,0.16,0.17
0,data/images/output_13/0000762_s0.16_m0.17.jpg,0.16,0.17
0,data/images/output_13/0000763_s0.17_m0.17.jpg,0.17,0.17
0,data/images/output_13/0000764_s0.17_m0.17.jpg,0.17,0.17
0,data/images/output_13/0000765_s0.18_m0.17.jpg,0.18,0.17
0,data/images/output_13/0000766_s0.18_m0.17.jpg,0.18,0.17
0,data/images/output_13/0000767_s0.19_m0.17.jpg,0.19,0.17
0,data/images/output_13/0000768_s0.19_m0.17.jpg,0.19,0.17
0,data/images/output_13/0000769_s0.17_m0.17.jpg,0.17,0.17
0,data/images/output_13/0000770_s0.15_m0.17.jpg,0.15,0.17
0,data/images/output_13/0000771_s0.15_m0.17.jpg,0.15,0.17
0,data/images/output_13/0000772_s0.17_m0.17.jpg,0.17,0.17
0,data/images/output_13/0000773_s0.18_m0.17.jpg,0.18,0.17
0,data/images/output_13/0000774_s0.18_m0.17.jpg,0.18,0.17
0,data/images/output_13/0000775_s0.17_m0.17.jpg,0.17,0.17
0,data/images/output_13/0000776_s0.17_m0.17.jpg,0.17,0.17
0,data/images/output_13/0000777_s0.16_m0.17.jpg,0.16,0.17
0,data/images/output_13/0000778_s0.15_m0.17.jpg,0.15,0.17
0,data/images/output_13/0000779_s0.15_m0.17.jpg,0.15,0.17
0,data/images/output_13/0000780_s0.16_m0.17.jpg,0.16,0.17
0,data/images/output_13/0000781_s0.16_m0.17.jpg,0.16,0.17
0,data/images/output_13/0000782_s0.17_m0.17.jpg,0.17,0.17
0,data/images/output_13/0000783_s0.18_m0.17.jpg,0.18,0.17
0,data/images/output_13/0000784_s0.18_m0.17.jpg,0.18,0.17
0,data/images/output_13/0000785_s0.18_m0.17.jpg,0.18,0.17
0,data/images/output_13/0000786_s0.18_m0.17.jpg,0.18,0.17
0,data/images/output_13/0000787_s0.16_m0.17.jpg,0.16,0.17
0,data/images/output_13/0000788_s0.15_m0.17.jpg,0.15,0.17
0,data/images/output_13/0000789_s0.15_m0.17.jpg,0.15,0.17
0,data/images/output_13/0000790_s0.15_m0.17.jpg,0.15,0.17
0,data/images/output_13/0000791_s0.16_m0.17.jpg,0.16,0.17
0,data/images/output_13/0000792_s0.16_m0.17.jpg,0.16,0.17
0,data/images/output_13/0000793_s0.17_m0.17.jpg,0.17,0.17
0,data/images/output_13/0000794_s0.17_m0.17.jpg,0.17,0.17
0,data/images/output_13/0000795_s0.18_m0.17.jpg,0.18,0.17
0,data/images/output_13/0000796_s0.19_m0.17.jpg,0.19,0.17
0,data/images/output_13/0000797_s0.19_m0.17.jpg,0.19,0.17
0,data/images/output_13/0000798_s0.16_m0.17.jpg,0.16,0.17
0,data/images/output_13/0000799_s0.15_m0.17.jpg,0.15,0.17
0,data/images/output_13/0000800_s0.15_m0.17.jpg,0.15,0.17
0,data/images/output_13/0000801_s0.17_m0.17.jpg,0.17,0.17
0,data/images/output_13/0000802_s0.18_m0.17.jpg,0.18,0.17
0,data/images/output_13/0000803_s0.18_m0.17.jpg,0.18,0.17
0,data/images/output_13/0000804_s0.18_m0.17.jpg,0.18,0.17
0,data/images/output_13/0000805_s0.16_m0.17.jpg,0.16,0.17
0,data/images/output_13/0000806_s0.15_m0.17.jpg,0.15,0.17
0,data/images/output_13/0000807_s0.15_m0.17.jpg,0.15,0.17
0,data/images/output_13/0000808_s0.16_m0.17.jpg,0.16,0.17
0,data/images/output_13/0000809_s0.19_m0.17.jpg,0.19,0.17
0,data/images/output_13/0000810_s0.19_m0.17.jpg,0.19,0.17
0,data/images/output_13/0000811_s0.19_m0.17.jpg,0.19,0.17
0,data/images/output_13/0000812_s0.19_m0.17.jpg,0.19,0.17
0,data/images/output_13/0000813_s0.17_m0.17.jpg,0.17,0.17
0,data/images/output_13/0000814_s0.15_m0.17.jpg,0.15,0.17
0,data/images/output_13/0000815_s0.15_m0.17.jpg,0.15,0.17
0,data/images/output_13/0000816_s0.17_m0.17.jpg,0.17,0.17
0,data/images/output_13/0000817_s0.19_m0.17.jpg,0.19,0.17
0,data/images/output_13/0000818_s0.2_m0.17.jpg,0.2,0.17
0,data/images/output_13/0000819_s0.2_m0.17.jpg,0.2,0.17
0,data/images/output_13/0000820_s0.2_m0.17.jpg,0.2,0.17
0,data/images/output_13/0000821_s0.15_m0.17.jpg,0.15,0.17
0,data/images/output_13/0000822_s0.15_m0.17.jpg,0.15,0.17
0,data/images/output_13/0000823_s0.17_m0.17.jpg,0.17,0.17
0,data/images/output_13/0000824_s0.17_m0.17.jpg,0.17,0.17
0,data/images/output_13/0000825_s0.17_m0.17.jpg,0.17,0.17
0,data/images/output_13/0000826_s0.17_m0.17.jpg,0.17,0.17
0,data/images/output_13/0000827_s0.17_m0.17.jpg,0.17,0.17
0,data/images/output_13/0000828_s0.15_m0.17.jpg,0.15,0.17
0,data/images/output_13/0000829_s0.15_m0.17.jpg,0.15,0.17
0,data/images/output_13/0000830_s0.18_m0.17.jpg,0.18,0.17
0,data/images/output_13/0000831_s0.18_m0.17.jpg,0.18,0.17
0,data/images/output_13/0000832_s0.18_m0.17.jpg,0.18,0.17
0,data/images/output_13/0000833_s0.17_m0.17.jpg,0.17,0.17
0,data/images/output_13/0000834_s0.17_m0.17.jpg,0.17,0.17
0,data/images/output_13/0000835_s0.17_m0.17.jpg,0.17,0.17
0,data/images/output_13/0000836_s0.17_m0.17.jpg,0.17,0.17
0,data/images/output_13/0000837_s0.18_m0.17.jpg,0.18,0.17
0,data/images/output_13/0000838_s0.18_m0.17.jpg,0.18,0.17
0,data/images/output_13/0000839_s0.18_m0.17.jpg,0.18,0.17
0,data/images/output_13/0000840_s0.18_m0.17.jpg,0.18,0.17
0,data/images/output_13/0000841_s0.15_m0.17.jpg,0.15,0.17
0,data/images/output_13/0000842_s0.15_m0.17.jpg,0.15,0.17
0,data/images/output_13/0000843_s0.16_m0.17.jpg,0.16,0.17
0,data/images/output_13/0000844_s0.17_m0.17.jpg,0.17,0.17
0,data/images/output_13/0000845_s0.17_m0.17.jpg,0.17,0.17
0,data/images/output_13/0000846_s0.17_m0.17.jpg,0.17,0.17
0,data/images/output_13/0000847_s0.18_m0.17.jpg,0.18,0.17
0,data/images/output_13/0000848_s0.18_m0.17.jpg,0.18,0.17
0,data/images/output_13/0000849_s0.18_m0.17.jpg,0.18,0.17
0,data/images/output_13/0000850_s0.18_m0.17.jpg,0.18,0.17
0,data/images/output_13/0000851_s0.15_m0.17.jpg,0.15,0.17
0,data/images/output_13/0000852_s0.15_m0.17.jpg,0.15,0.17
0,data/images/output_13/0000853_s0.15_m0.17.jpg,0.15,0.17
0,data/images/output_13/0000854_s0.16_m0.17.jpg,0.16,0.17
0,data/images/output_13/0000855_s0.17_m0.17.jpg,0.17,0.17
0,data/images/output_13/0000856_s0.17_m0.17.jpg,0.17,0.17
0,data/images/output_13/0000857_s0.18_m0.17.jpg,0.18,0.17
0,data/images/output_13/0000858_s0.18_m0.17.jpg,0.18,0.17
0,data/images/output_13/0000859_s0.18_m0.17.jpg,0.18,0.17
0,data/images/output_13/0000860_s0.17_m0.17.jpg,0.17,0.17
0,data/images/output_13/0000861_s0.17_m0.17.jpg,0.17,0.17
0,data/images/output_13/0000862_s0.15_m0.17.jpg,0.15,0.17
0,data/images/output_13/0000863_s0.15_m0.17.jpg,0.15,0.17
0,data/images/output_13/0000864_s0.16_m0.17.jpg,0.16,0.17
0,data/images/output_13/0000865_s0.17_m0.17.jpg,0.17,0.17
0,data/images/output_13/0000866_s0.18_m0.17.jpg,0.18,0.17
0,data/images/output_13/0000867_s0.17_m0.17.jpg,0.17,0.17
0,data/images/output_13/0000868_s0.16_m0.17.jpg,0.16,0.17
0,data/images/output_13/0000869_s0.16_m0.17.jpg,0.16,0.17
0,data/images/output_13/0000870_s0.17_m0.17.jpg,0.17,0.17
0,data/images/output_13/0000871_s0.17_m0.17.jpg,0.17,0.17
0,data/images/output_13/0000872_s0.17_m0.17.jpg,0.17,0.17
0,data/images/output_13/0000873_s0.17_m0.17.jpg,0.17,0.17
0,data/images/output_13/0000874_s0.17_m0.17.jpg,0.17,0.17
0,data/images/output_13/0000875_s0.18_m0.17.jpg,0.18,0.17
0,data/images/output_13/0000876_s0.18_m0.17.jpg,0.18,0.17
0,data/images/output_13/0000877_s0.16_m0.17.jpg,0.16,0.17
0,data/images/output_13/0000878_s0.15_m0.17.jpg,0.15,0.17
0,data/images/output_13/0000879_s0.15_m0.17.jpg,0.15,0.17
0,data/images/output_13/0000880_s0.15_m0.17.jpg,0.15,0.17
0,data/images/output_13/0000881_s0.16_m0.17.jpg,0.16,0.17
0,data/images/output_13/0000882_s0.17_m0.17.jpg,0.17,0.17
0,data/images/output_13/0000883_s0.17_m0.17.jpg,0.17,0.17
0,data/images/output_13/0000884_s0.17_m0.17.jpg,0.17,0.17
0,data/images/output_13/0000885_s0.17_m0.17.jpg,0.17,0.17
0,data/images/output_13/0000886_s0.16_m0.17.jpg,0.16,0.17
0,data/images/output_13/0000887_s0.16_m0.17.jpg,0.16,0.17
0,data/images/output_13/0000888_s0.15_m0.17.jpg,0.15,0.17
0,data/images/output_13/0000889_s0.15_m0.17.jpg,0.15,0.17
0,data/images/output_13/0000890_s0.16_m0.17.jpg,0.16,0.17
0,data/images/output_13/0000891_s0.17_m0.17.jpg,0.17,0.17
0,data/images/output_13/0000892_s0.18_m0.17.jpg,0.18,0.17
0,data/images/output_13/0000893_s0.18_m0.17.jpg,0.18,0.17
0,data/images/output_13/0000894_s0.18_m0.17.jpg,0.18,0.17
0,data/images/output_13/0000895_s0.15_m0.17.jpg,0.15,0.17
0,data/images/output_13/0000896_s0.15_m0.17.jpg,0.15,0.17
0,data/images/output_13/0000897_s0.16_m0.17.jpg,0.16,0.17
0,data/images/output_13/0000898_s0.16_m0.17.jpg,0.16,0.17
0,data/images/output_13/0000899_s0.17_m0.17.jpg,0.17,0.17
0,data/images/output_13/0000900_s0.17_m0.17.jpg,0.17,0.17
0,data/images/output_13/0000901_s0.18_m0.17.jpg,0.18,0.17
0,data/images/output_13/0000902_s0.18_m0.17.jpg,0.18,0.17
0,data/images/output_13/0000903_s0.18_m0.17.jpg,0.18,0.17
0,data/images/output_13/0000904_s0.18_m0.17.jpg,0.18,0.17
0,data/images/output_13/0000905_s0.16_m0.17.jpg,0.16,0.17
0,data/images/output_13/0000906_s0.15_m0.17.jpg,0.15,0.17
0,data/images/output_13/0000907_s0.15_m0.17.jpg,0.15,0.17
0,data/images/output_13/0000908_s0.17_m0.17.jpg,0.17,0.17
0,data/images/output_13/0000909_s0.17_m0.17.jpg,0.17,0.17
0,data/images/output_13/0000910_s0.18_m0.17.jpg,0.18,0.17
0,data/images/output_13/0000911_s0.18_m0.17.jpg,0.18,0.17
0,data/images/output_13/0000912_s0.17_m0.17.jpg,0.17,0.17
0,data/images/output_13/0000913_s0.16_m0.17.jpg,0.16,0.17
0,data/images/output_13/0000914_s0.16_m0.17.jpg,0.16,0.17
0,data/images/output_13/0000915_s0.16_m0.17.jpg,0.16,0.17
0,data/images/output_13/0000916_s0.15_m0.17.jpg,0.15,0.17
0,data/images/output_13/0000917_s0.16_m0.17.jpg,0.16,0.17
0,data/images/output_13/0000918_s0.17_m0.17.jpg,0.17,0.17
0,data/images/output_13/0000919_s0.17_m0.17.jpg,0.17,0.17
0,data/images/output_13/0000920_s0.17_m0.17.jpg,0.17,0.17
0,data/images/output_13/0000921_s0.17_m0.17.jpg,0.17,0.17
0,data/images/output_13/0000922_s0.17_m0.17.jpg,0.17,0.17
0,data/images/output_13/0000923_s0.17_m0.17.jpg,0.17,0.17
0,data/images/output_13/0000924_s0.17_m0.17.jpg,0.17,0.17
0,data/images/output_13/0000925_s0.18_m0.17.jpg,0.18,0.17
0,data/images/output_13/0000926_s0.18_m0.17.jpg,0.18,0.17
0,data/images/output_13/0000927_s0.19_m0.17.jpg,0.19,0.17
0,data/images/output_13/0000928_s0.19_m0.17.jpg,0.19,0.17
0,data/images/output_13/0000929_s0.19_m0.17.jpg,0.19,0.17
0,data/images/output_13/0000930_s0.19_m0.17.jpg,0.19,0.17
0,data/images/output_13/0000931_s0.19_m0.17.jpg,0.19,0.17
0,data/images/output_13/0000932_s0.15_m0.17.jpg,0.15,0.17
0,data/images/output_13/0000933_s0.15_m0.17.jpg,0.15,0.17
0,data/images/output_13/0000934_s0.16_m0.17.jpg,0.16,0.17
0,data/images/output_13/0000935_s0.16_m0.17.jpg,0.16,0.17
0,data/images/output_13/0000936_s0.16_m0.17.jpg,0.16,0.17
0,data/images/output_13/0000937_s0.17_m0.17.jpg,0.17,0.17
0,data/images/output_13/0000938_s0.18_m0.17.jpg,0.18,0.17
0,data/images/output_13/0000939_s0.18_m0.17.jpg,0.18,0.17
0,data/images/output_13/0000940_s0.18_m0.17.jpg,0.18,0.17
0,data/images/output_13/0000941_s0.18_m0.17.jpg,0.18,0.17
0,data/images/output_13/0000942_s0.17_m0.17.jpg,0.17,0.17
0,data/images/output_13/0000943_s0.17_m0.17.jpg,0.17,0.17
0,data/images/output_13/0000944_s0.17_m0.17.jpg,0.17,0.17
0,data/images/output_13/0000945_s0.15_m0.17.jpg,0.15,0.17
0,data/images/output_13/0000946_s0.15_m0.17.jpg,0.15,0.17
0,data/images/output_13/0000947_s0.15_m0.17.jpg,0.15,0.17
0,data/images/output_13/0000948_s0.16_m0.17.jpg,0.16,0.17
0,data/images/output_13/0000949_s0.18_m0.17.jpg,0.18,0.17
0,data/images/output_13/0000950_s0.18_m0.17.jpg,0.18,0.17
0,data/images/output_13/0000951_s0.19_m0.17.jpg,0.19,0.17
0,data/images/output_13/0000952_s0.18_m0.17.jpg,0.18,0.17
0,data/images/output_13/0000953_s0.17_m0.17.jpg,0.17,0.17
0,data/images/output_13/0000954_s0.16_m0.17.jpg,0.16,0.17
0,data/images/output_13/0000955_s0.16_m0.17.jpg,0.16,0.17
0,data/images/output_13/0000956_s0.16_m0.17.jpg,0.16,0.17
0,data/images/output_13/0000957_s0.17_m0.17.jpg,0.17,0.17
0,data/images/output_13/0000958_s0.18_m0.17.jpg,0.18,0.17
0,data/images/output_13/0000959_s0.18_m0.17.jpg,0.18,0.17
0,data/images/output_13/0000960_s0.18_m0.17.jpg,0.18,0.17
0,data/images/output_13/0000961_s0.18_m0.17.jpg,0.18,0.17
0,data/images/output_13/0000962_s0.16_m0.17.jpg,0.16,0.17
0,data/images/output_13/0000963_s0.15_m0.17.jpg,0.15,0.17
0,data/images/output_13/0000964_s0.15_m0.17.jpg,0.15,0.17
0,data/images/output_13/0000965_s0.16_m0.17.jpg,0.16,0.17
0,data/images/output_13/0000966_s0.18_m0.17.jpg,0.18,0.17
0,data/images/output_13/0000967_s0.18_m0.17.jpg,0.18,0.17
0,data/images/output_13/0000968_s0.17_m0.17.jpg,0.17,0.17
0,data/images/output_13/0000969_s0.17_m0.17.jpg,0.17,0.17
0,data/images/output_13/0000970_s0.17_m0.17.jpg,0.17,0.17
0,data/images/output_13/0000971_s0.15_m0.17.jpg,0.15,0.17
0,data/images/output_13/0000972_s0.15_m0.17.jpg,0.15,0.17
0,data/images/output_13/0000973_s0.16_m0.17.jpg,0.16,0.17
0,data/images/output_13/0000974_s0.17_m0.17.jpg,0.17,0.17
0,data/images/output_13/0000975_s0.18_m0.17.jpg,0.18,0.17
0,data/images/output_13/0000976_s0.18_m0.17.jpg,0.18,0.17
0,data/images/output_13/0000977_s0.19_m0.17.jpg,0.19,0.17
0,data/images/output_13/0000978_s0.18_m0.17.jpg,0.18,0.17
0,data/images/output_13/0000979_s0.18_m0.17.jpg,0.18,0.17
0,data/images/output_13/0000980_s0.18_m0.17.jpg,0.18,0.17
0,data/images/output_13/0000981_s0.18_m0.17.jpg,0.18,0.17
0,data/images/output_13/0000982_s0.18_m0.17.jpg,0.18,0.17
0,data/images/output_13/0000983_s0.16_m0.17.jpg,0.16,0.17
0,data/images/output_13/0000984_s0.15_m0.17.jpg,0.15,0.17
0,data/images/output_13/0000985_s0.15_m0.17.jpg,0.15,0.17
0,data/images/output_13/0000986_s0.16_m0.17.jpg,0.16,0.17
0,data/images/output_13/0000987_s0.17_m0.17.jpg,0.17,0.17
0,data/images/output_13/0000988_s0.18_m0.17.jpg,0.18,0.17
0,data/images/output_13/0000989_s0.17_m0.17.jpg,0.17,0.17
0,data/images/output_13/0000990_s0.15_m0.17.jpg,0.15,0.17
0,data/images/output_13/0000991_s0.15_m0.17.jpg,0.15,0.17
0,data/images/output_13/0000992_s0.15_m0.17.jpg,0.15,0.17
0,data/images/output_13/0000993_s0.16_m0.16.jpg,0.16,0.16
0,data/images/output_13/0000994_s0.16_m0.16.jpg,0.16,0.16
0,data/images/output_13/0000995_s0.16_m0.16.jpg,0.16,0.16
0,data/images/output_13/0000996_s0.16_m0.16.jpg,0.16,0.16
0,data/images/output_13/0000997_s0.17_m0.16.jpg,0.17,0.16
0,data/images/output_13/0000998_s0.17_m0.16.jpg,0.17,0.16
0,data/images/output_13/0000999_s0.18_m0.16.jpg,0.18,0.16
0,data/images/output_13/0001000_s0.17_m0.16.jpg,0.17,0.16
0,data/images/output_13/0001001_s0.17_m0.16.jpg,0.17,0.16
0,data/images/output_13/0001002_s0.16_m0.16.jpg,0.16,0.16
0,data/images/output_13/0001003_s0.16_m0.16.jpg,0.16,0.16
0,data/images/output_13/0001004_s0.16_m0.16.jpg,0.16,0.16
0,data/images/output_13/0001005_s0.17_m0.16.jpg,0.17,0.16
0,data/images/output_13/0001006_s0.17_m0.16.jpg,0.17,0.16
0,data/images/output_13/0001007_s0.17_m0.16.jpg,0.17,0.16
0,data/images/output_13/0001008_s0.17_m0.16.jpg,0.17,0.16
0,data/images/output_13/0001009_s0.15_m0.16.jpg,0.15,0.16
0,data/images/output_13/0001010_s0.15_m0.16.jpg,0.15,0.16
0,data/images/output_13/0001011_s0.15_m0.16.jpg,0.15,0.16
0,data/images/output_13/0001012_s0.16_m0.16.jpg,0.16,0.16
0,data/images/output_13/0001013_s0.17_m0.16.jpg,0.17,0.16
0,data/images/output_13/0001014_s0.17_m0.16.jpg,0.17,0.16
0,data/images/output_13/0001015_s0.17_m0.16.jpg,0.17,0.16
0,data/images/output_13/0001016_s0.18_m0.16.jpg,0.18,0.16
0,data/images/output_13/0001017_s0.18_m0.16.jpg,0.18,0.16
0,data/images/output_13/0001018_s0.18_m0.16.jpg,0.18,0.16
0,data/images/output_13/0001019_s0.15_m0.16.jpg,0.15,0.16
0,data/images/output_13/0001020_s0.15_m0.16.jpg,0.15,0.16
0,data/images/output_13/0001021_s0.15_m0.16.jpg,0.15,0.16
0,data/images/output_13/0001022_s0.17_m0.16.jpg,0.17,0.16
0,data/images/output_13/0001023_s0.18_m0.16.jpg,0.18,0.16
0,data/images/output_13/0001024_s0.18_m0.16.jpg,0.18,0.16
0,data/images/output_13/0001025_s0.18_m0.16.jpg,0.18,0.16
0,data/images/output_13/0001026_s0.15_m0.16.jpg,0.15,0.16
0,data/images/output_13/0001027_s0.16_m0.16.jpg,0.16,0.16
0,data/images/output_13/0001028_s0.17_m0.16.jpg,0.17,0.16
0,data/images/output_13/0001029_s0.17_m0.16.jpg,0.17,0.16
0,data/images/output_13/0001030_s0.19_m0.16.jpg,0.19,0.16
0,data/images/output_13/0001031_s0.18_m0.16.jpg,0.18,0.16
0,data/images/output_13/0001032_s0.17_m0.16.jpg,0.17,0.16
0,data/images/output_13/0001033_s0.16_m0.16.jpg,0.16,0.16
0,data/images/output_13/0001034_s0.15_m0.16.jpg,0.15,0.16
0,data/images/output_13/0001035_s0.16_m0.16.jpg,0.16,0.16
0,data/images/output_13/0001036_s0.18_m0.16.jpg,0.18,0.16
0,data/images/output_13/0001037_s0.18_m0.16.jpg,0.18,0.16
0,data/images/output_13/0001038_s0.18_m0.16.jpg,0.18,0.16
0,data/images/output_13/0001039_s0.19_m0.16.jpg,0.19,0.16
0,data/images/output_13/0001040_s0.19_m0.16.jpg,0.19,0.16
0,data/images/output_13/0001041_s0.19_m0.16.jpg,0.19,0.16
0,data/images/output_13/0001042_s0.19_m0.16.jpg,0.19,0.16
0,data/images/output_13/0001043_s0.16_m0.16.jpg,0.16,0.16
0,data/images/output_13/0001044_s0.15_m0.16.jpg,0.15,0.16
0,data/images/output_13/0001045_s0.15_m0.16.jpg,0.15,0.16
0,data/images/output_13/0001046_s0.16_m0.16.jpg,0.16,0.16
0,data/images/output_13/0001047_s0.16_m0.16.jpg,0.16,0.16
0,data/images/output_13/0001048_s0.17_m0.16.jpg,0.17,0.16
0,data/images/output_13/0001049_s0.18_m0.16.jpg,0.18,0.16
0,data/images/output_13/0001050_s0.18_m0.16.jpg,0.18,0.16
0,data/images/output_13/0001051_s0.18_m0.16.jpg,0.18,0.16
0,data/images/output_13/0001052_s0.18_m0.16.jpg,0.18,0.16
0,data/images/output_13/0001053_s0.19_m0.16.jpg,0.19,0.16
0,data/images/output_13/0001054_s0.18_m0.16.jpg,0.18,0.16
0,data/images/output_13/0001055_s0.16_m0.16.jpg,0.16,0.16
0,data/images/output_13/0001056_s0.15_m0.16.jpg,0.15,0.16
0,data/images/output_13/0001057_s0.15_m0.16.jpg,0.15,0.16
0,data/images/output_13/0001058_s0.17_m0.16.jpg,0.17,0.16
0,data/images/output_13/0001059_s0.17_m0.16.jpg,0.17,0.16
0,data/images/output_13/0001060_s0.17_m0.16.jpg,0.17,0.16
0,data/images/output_13/0001061_s0.18_m0.16.jpg,0.18,0.16
0,data/images/output_13/0001062_s0.18_m0.16.jpg,0.18,0.16
0,data/images/output_13/0001063_s0.18_m0.16.jpg,0.18,0.16
0,data/images/output_13/0001064_s0.18_m0.16.jpg,0.18,0.16
0,data/images/output_13/0001065_s0.15_m0.16.jpg,0.15,0.16
0,data/images/output_13/0001066_s0.15_m0.16.jpg,0.15,0.16
0,data/images/output_13/0001067_s0.15_m0.16.jpg,0.15,0.16
0,data/images/output_13/0001068_s0.16_m0.16.jpg,0.16,0.16
0,data/images/output_13/0001069_s0.17_m0.16.jpg,0.17,0.16
0,data/images/output_13/0001070_s0.17_m0.16.jpg,0.17,0.16
0,data/images/output_13/0001071_s0.15_m0.16.jpg,0.15,0.16
0,data/images/output_13/0001072_s0.15_m0.16.jpg,0.15,0.16
0,data/images/output_13/0001073_s0.16_m0.16.jpg,0.16,0.16
0,data/images/output_13/0001074_s0.17_m0.16.jpg,0.17,0.16
0,data/images/output_13/0001075_s0.17_m0.16.jpg,0.17,0.16
0,data/images/output_13/0001076_s0.17_m0.16.jpg,0.17,0.16
0,data/images/output_13/0001077_s0.17_m0.16.jpg,0.17,0.16
0,data/images/output_13/0001078_s0.16_m0.16.jpg,0.16,0.16
0,data/images/output_13/0001079_s0.15_m0.16.jpg,0.15,0.16
0,data/images/output_13/0001080_s0.15_m0.16.jpg,0.15,0.16
0,data/images/output_13/0001081_s0.16_m0.16.jpg,0.16,0.16
0,data/images/output_13/0001082_s0.16_m0.16.jpg,0.16,0.16
0,data/images/output_13/0001083_s0.16_m0.16.jpg,0.16,0.16
0,data/images/output_13/0001084_s0.17_m0.16.jpg,0.17,0.16
0,data/images/output_13/0001085_s0.17_m0.16.jpg,0.17,0.16
0,data/images/output_13/0001086_s0.17_m0.16.jpg,0.17,0.16
0,data/images/output_13/0001087_s0.17_m0.16.jpg,0.17,0.16
0,data/images/output_13/0001088_s0.18_m0.16.jpg,0.18,0.16
0,data/images/output_13/0001089_s0.18_m0.16.jpg,0.18,0.16
0,data/images/output_13/0001090_s0.17_m0.16.jpg,0.17,0.16
0,data/images/output_13/0001091_s0.15_m0.16.jpg,0.15,0.16
0,data/images/output_13/0001092_s0.15_m0.16.jpg,0.15,0.16
0,data/images/output_13/0001093_s0.15_m0.16.jpg,0.15,0.16
0,data/images/output_13/0001094_s0.17_m0.16.jpg,0.17,0.16
0,data/images/output_13/0001095_s0.17_m0.16.jpg,0.17,0.16
0,data/images/output_13/0001096_s0.17_m0.16.jpg,0.17,0.16
0,data/images/output_13/0001097_s0.18_m0.16.jpg,0.18,0.16
0,data/images/output_13/0001098_s0.18_m0.16.jpg,0.18,0.16
0,data/images/output_13/0001099_s0.18_m0.16.jpg,0.18,0.16
0,data/images/output_13/0001100_s0.18_m0.17.jpg,0.18,0.17
0,data/images/output_13/0001101_s0.18_m0.17.jpg,0.18,0.17
0,data/images/output_13/0001102_s0.18_m0.17.jpg,0.18,0.17
0,data/images/output_13/0001103_s0.17_m0.17.jpg,0.17,0.17
0,data/images/output_13/0001104_s0.17_m0.17.jpg,0.17,0.17
0,data/images/output_13/0001105_s0.16_m0.17.jpg,0.16,0.17
0,data/images/output_13/0001106_s0.15_m0.17.jpg,0.15,0.17
0,data/images/output_13/0001107_s0.15_m0.17.jpg,0.15,0.17
0,data/images/output_13/0001108_s0.15_m0.17.jpg,0.15,0.17
0,data/images/output_13/0001109_s0.17_m0.17.jpg,0.17,0.17
0,data/images/output_13/0001110_s0.18_m0.17.jpg,0.18,0.17
0,data/images/output_13/0001111_s0.19_m0.17.jpg,0.19,0.17
0,data/images/output_13/0001112_s0.19_m0.17.jpg,0.19,0.17
0,data/images/output_13/0001113_s0.19_m0.17.jpg,0.19,0.17
0,data/images/output_13/0001114_s0.19_m0.17.jpg,0.19,0.17
0,data/images/output_13/0001115_s0.15_m0.17.jpg,0.15,0.17
0,data/images/output_13/0001116_s0.16_m0.17.jpg,0.16,0.17
0,data/images/output_13/0001117_s0.15_m0.17.jpg,0.15,0.17
0,data/images/output_13/0001118_s0.15_m0.17.jpg,0.15,0.17
0,data/images/output_13/0001119_s0.17_m0.17.jpg,0.17,0.17
0,data/images/output_13/0001120_s0.18_m0.17.jpg,0.18,0.17
0,data/images/output_13/0001121_s0.18_m0.17.jpg,0.18,0.17
0,data/images/output_13/0001122_s0.19_m0.17.jpg,0.19,0.17
0,data/images/output_13/0001123_s0.19_m0.17.jpg,0.19,0.17
0,data/images/output_13/0001124_s0.19_m0.17.jpg,0.19,0.17
0,data/images/output_13/0001125_s0.17_m0.17.jpg,0.17,0.17
0,data/images/output_13/0001126_s0.17_m0.17.jpg,0.17,0.17
0,data/images/output_13/0001127_s0.18_m0.17.jpg,0.18,0.17
0,data/images/output_13/0001128_s0.18_m0.17.jpg,0.18,0.17
0,data/images/output_13/0001129_s0.19_m0.17.jpg,0.19,0.17
0,data/images/output_13/0001130_s0.18_m0.17.jpg,0.18,0.17
0,data/images/output_13/0001131_s0.16_m0.17.jpg,0.16,0.17
0,data/images/output_13/0001132_s0.15_m0.17.jpg,0.15,0.17
0,data/images/output_13/0001133_s0.15_m0.17.jpg,0.15,0.17
0,data/images/output_13/0001134_s0.18_m0.17.jpg,0.18,0.17
0,data/images/output_13/0001135_s0.18_m0.17.jpg,0.18,0.17
0,data/images/output_13/0001136_s0.18_m0.17.jpg,0.18,0.17
0,data/images/output_13/0001137_s0.16_m0.17.jpg,0.16,0.17
0,data/images/output_13/0001138_s0.15_m0.17.jpg,0.15,0.17
0,data/images/output_13/0001139_s0.15_m0.17.jpg,0.15,0.17
0,data/images/output_13/0001140_s0.17_m0.17.jpg,0.17,0.17
0,data/images/output_13/0001141_s0.17_m0.17.jpg,0.17,0.17
0,data/images/output_13/0001142_s0.15_m0.17.jpg,0.15,0.17
0,data/images/output_13/0001143_s0.15_m0.16.jpg,0.15,0.16
0,data/images/output_13/0001144_s0.15_m0.16.jpg,0.15,0.16
0,data/images/output_13/0001145_s0.15_m0.15.jpg,0.15,0.15
0,data/images/output_13/0001146_s0.15_m0.15.jpg,0.15,0.15
0,data/images/output_13/0001147_s0.16_m0.15.jpg,0.16,0.15
0,data/images/output_13/0001148_s0.18_m0.15.jpg,0.18,0.15
0,data/images/output_13/0001149_s0.19_m0.15.jpg,0.19,0.15
0,data/images/output_13/0001150_s0.19_m0.16.jpg,0.19,0.16
0,data/images/output_13/0001151_s0.19_m0.16.jpg,0.19,0.16
0,data/images/output_13/0001152_s0.2_m0.16.jpg,0.2,0.16
0,data/images/output_13/0001153_s0.2_m0.16.jpg,0.2,0.16
0,data/images/output_13/0001154_s0.2_m0.16.jpg,0.2,0.16
0,data/images/output_13/0001155_s0.2_m0.16.jpg,0.2,0.16
0,data/images/output_13/0001156_s0.2_m0.17.jpg,0.2,0.17
0,data/images/output_13/0001157_s0.2_m0.17.jpg,0.2,0.17
0,data/images/output_13/0001158_s0.2_m0.18.jpg,0.2,0.18
0,data/images/output_13/0001159_s0.2_m0.17.jpg,0.2,0.17
0,data/images/output_13/0001160_s0.15_m0.15.jpg,0.15,0.15
0,data/images/output_13/0001161_s0.15_m0.15.jpg,0.15,0.15
0,data/images/output_13/0001162_s0.17_m0.15.jpg,0.17,0.15
0,data/images/output_13/0001163_s0.19_m0.15.jpg,0.19,0.15
0,data/images/output_13/0001164_s0.18_m0.15.jpg,0.18,0.15
0,data/images/output_13/0001165_s0.15_m0.15.jpg,0.15,0.15
